Respondent ID,response
11473302983.0,0.25619840098604685
11473299696.0,0.08715970781099691
11468612812.0,0.914764852466416
